snr,ber_scl,ber_aiscl,time_scl_ms,time_aiscl_ms
0.0,0.1112,0.1112,15.483015,14.953916
0.5,0.0857,0.0857,15.151940,15.507312
1.0,0.0528,0.0528,15.244309,15.270186
1.5,0.0299,0.0299,15.570126,15.652200
2.0,0.0163,0.0163,15.506236,15.696639
2.5,0.0057,0.0057,15.265357,15.453842
3.0,0.0022,0.0022,15.148914,15.461170
3.5,0.0007,0.0007,15.114676,15.278718
4.0,0.0000,0.0000,15.627371,15.841523
