snr,ber_scl,ber_aiscl,time_scl_ms,time_aiscl_ms
0.0,0.1198,0.1203,9.883991,8.908838
0.5,0.0775,0.0793,10.366973,9.959025
1.0,0.0519,0.0526,9.695909,9.148461
1.5,0.0302,0.0302,9.636943,9.062639
2.0,0.0160,0.0160,9.574503,8.991954
2.5,0.0053,0.0053,9.649070,9.068467
3.0,0.0022,0.0022,9.599926,9.036119
3.5,0.0008,0.0008,9.724962,9.172671
4.0,0.0004,0.0004,9.836365,9.270720
4.5,0.0000,0.0000,9.769685,9.199181
5.0,0.0000,0.0000,9.848047,9.236680
